{"5bit400000000Hz": {"power": 0.0006213679484085106, "params": [[11.394973059423872, 22.402869208461777, 19.66171719503106, 6.85470589048549, 3.7032596009388374, 5.552633655878293, 4.530149543921027, 3.824419139887661, 3.377960000669573, 3.651845296935323, 5.0], [2.230588842552587, 11.336565283682392], [11.336565283682392, 9.742957923704934, 16.303298519630335, 18.128486683636062, 13.065577461010609, 10.400444316409445, 7.537370727181382, 6.663163493460499, 7.543840091590977, 14.953017145931929, 2.230588842552587, 12.178987823696351, 5.0, 3.7032596009388374], [3.651845296935323, 5.0, 1.2094955486846242e-15, 24.774235156529134, 55.39621312984615, 3.46992637260176e-14], [7.963552872021176, 0.15436563946421067]], "specs": [5.924594236268535e-12, 3.324124657843177e-10, 290.77645296426834, 112.34835068712222, 384.3028942360104, -108.34835068712222, -380.3028942360104, 0.7383942604064941, 0.0006213679484085106]}, "5bit450000000Hz": {"power": 0.0006747203755412547, "params": [[9.454009984257484, 23.09744078091471, 19.86660185220428, 6.755716929196998, 3.7337934437247, 4.919038880266568, 3.574352785920919, 3.1157331253414635, 2.9218489722380574, 3.964110743050633, 5.0], [2.5459418172798878, 11.074529671731955], [11.074529671731955, 9.8495353699775, 17.225480246985416, 17.954170324382194, 9.431417847047504, 9.50726824244189, 7.195816280836322, 7.298479538291106, 7.178446915907902, 14.991328685808943, 2.5459418172798878, 9.805819036603845, 5.0, 3.7337934437247005], [3.964110743050633, 5.0, 1.2505784023314658e-15, 28.064674844535542, 56.663366610569824, 3.436632556763804e-14], [8.061717314816729, 0.08564580573535585]], "specs": [2.834354211661209e-12, 3.301643783410905e-10, 292.82841313681234, 94.16059429215898, 269.4044429522748, -90.16059429215898, -265.4044429522748, 0.731139600276947, 0.0006747203755412547]}}