{"4bit400000000Hz": {"power": 0.0004884655974178181, "params": [[6.8601234407886515, 22.404241314326995, 13.846516782121899, 6.909367182972314, 5.736260619143236, 7.389576975999864, 5.750692901040214, 4.16043241895832, 3.5049548414885114, 3.660207089226917, 4.0], [1.7410687161056508, 10.911435495423492], [10.911435495423492, 10.512431698004086, 14.363845014196182, 17.13158798252068, 8.772103616853792, 6.877121551629704, 7.0362627425377555, 7.047470946844544, 6.927986982119402, 23.8869779278577, 1.7410687161056508, 14.071557738956853, 4.0, 5.736260619143236], [3.660207089226917, 4.0, 1.1498810152842529e-15, 21.27266335993927, 56.24132154300555, 3.2738382453123896e-14], [7.965107191089233, 0.23424556999490304]], "specs": [1.1009686440767644e-11, 3.435022340468251e-10, 295.26690745322907, 325.4596198904677, 797.6215995800954, -321.4596198904677, -793.6215995800954, 0.732843279838562, 0.0004884655974178181]}, "4bit450000000Hz": {"power": 0.0005287920198227626, "params": [[11.292662476632717, 23.07844686274155, 13.130340954770265, 6.926448619528529, 3.632331383668114, 4.76933959959702, 4.951338015031747, 4.195476492021013, 3.706939515328328, 4.454439090759565, 4.0], [2.01571807404182, 11.07647810086061], [11.07647810086061, 8.446229860015864, 9.804985643839863, 18.352376858718156, 8.289230825383404, 8.89935271003023, 7.418488234029241, 6.980975572449291, 7.081238928897065, 27.34101909931039, 2.01571807404182, 13.342290999073771, 4.0, 3.632331383668114], [4.454439090759565, 4.0, 1.1722142113003776e-15, 38.006534550795045, 52.51433602566436, 3.49119706397321e-14], [7.958194970730645, 0.1750476074782506]], "specs": [1.5554938558435404e-12, 3.298871632748908e-10, 300.2939756335357, 427.4460378087104, 562.0097594261163, -423.4460378087104, -558.0097594261163, 0.7076655626296997, 0.0005287920198227626]}, "4bit500000000Hz": {"power": 0.0005418589926970696, "params": [[4.093536406729401, 22.327117449211993, 13.666156778182899, 7.387918839583588, 6.073989261824679, 7.014693930594532, 6.363436421700623, 3.8060750471536684, 3.2121199005591574, 4.063159663863074, 4.0], [1.7465797579952669, 11.198294172283997], [11.198294172283997, 9.442753665803128, 15.89277175910558, 17.54164596471474, 8.907208024464254, 7.592227742612607, 7.196668779423492, 7.227971718281191, 7.290580896267153, 17.875231394283013, 1.7465797579952669, 13.97558651600796, 4.0, 6.073989261824679], [4.063159663863074, 4.0, 1.3468870904160494e-15, 33.34132649571198, 52.923843507853064, 3.358357903294855e-14], [8.003464084281237, 0.12905967376523664]], "specs": [6.772398622580546e-12, 3.4150320073503083e-10, 299.4663699962158, 293.8395538735264, 433.7919036446626, -289.8395538735264, -429.7919036446626, 0.7342183589935303, 0.0005418589926970696]}, "4bit550000000Hz": {"power": 0.0006213339136626854, "params": [[11.27928601687771, 22.40497129038602, 14.99264485624031, 6.91332863593583, 4.177905751820392, 7.687686616397725, 5.189850616491951, 4.156219574527341, 3.7321092007023213, 3.8509708579972153, 4.0], [2.0074513416516204, 11.108276670068767], [11.108276670068767, 9.408456892830516, 12.091076618935066, 17.366632680225635, 8.189324564791102, 8.990975632152738, 7.436609882701818, 6.425343055839655, 7.337319600930161, 14.555502795612814, 2.0074513416516204, 13.502289765546633, 4.0, 4.177905751820392], [3.8509708579972153, 4.0, 1.360987552945757e-15, 34.862660622230486, 53.68948712473991, 3.3306348537444005e-14], [7.898767137045706, 0.08960733104972896]], "specs": [4.723580764732311e-12, 3.2874835812353304e-10, 299.54320511056017, 235.77013788774585, 339.5531212135124, -231.77013788774585, -335.5531212135124, 0.7197329998016357, 0.0006213339136626854]}, "5bit400000000Hz": {"power": 0.000632044401478219, "params": [[7.998517730727325, 22.99737948762216, 19.61145208490667, 6.997575028682299, 3.8967370141480107, 4.8400938351574645, 3.930397938370912, 3.1252296500791137, 2.8567891538360115, 3.968663276615765, 5.0], [2.6376109762669144, 11.389685361381582], [11.389685361381582, 9.571371170383136, 16.57411935347714, 18.230894717925036, 10.592694381985952, 13.398185367103357, 7.29863551913417, 6.522419935653023, 7.3022489160383275, 11.30560868392943, 2.6376109762669144, 10.18085723852914, 5.0, 3.89673701414801], [3.968663276615765, 5.0, 1.3156771051790926e-15, 20.243104597846607, 55.15127503155167, 3.469034277501712e-14], [8.80448025007825, 0.12679599493817018]], "specs": [8.271333764872976e-12, 3.4436988082202144e-10, 288.48448511714406, 73.04351806957607, 354.3202004538872, -69.04351806957607, -350.3202004538872, 0.7278815507888794, 0.000632044401478219]}, "5bit450000000Hz": {"power": 0.0006598223713509458, "params": [[4.747400216632788, 23.058169344140243, 19.391282372746343, 7.107763836984455, 4.864771337577817, 6.277847535007578, 3.663074029597849, 2.8167754165603682, 2.582304543482741, 3.5741793356067473, 5.0], [2.3229210122703043, 11.041598915093386], [11.041598915093386, 7.295659288054653, 21.88743237908513, 16.51600789958925, 9.84974896890601, 12.79214772543188, 7.388178002483341, 6.754131894978845, 7.321827160358765, 15.276630662165655, 2.3229210122703043, 9.296624862718586, 5.0, 4.864771337577817], [3.5741793356067473, 5.0, 1.0691387075110828e-15, 11.922489110165957, 50.54677331824196, 3.180935332844359e-14], [7.992178366532464, 0.09661178785828722]], "specs": [6.173627139206713e-12, 3.3157052709394096e-10, 285.3022952758748, 42.990178901447855, 263.1108060859789, -38.990178901447855, -259.1108060859789, 0.7263848781585693, 0.0006598223713509458]}}